{
"block_renderType_index":{
    "normal":0,
    "flower":1,
    "torch":2,
    "fluid":3,
    "crop":4,
    "door":5,
    "steps":6,
    "stairs":7,
    "fence":8,
    "cactus":9,
    "bed":10,
    "glass_panes":11,
    "stem":12,
    "fence_gate":13
},
"block_renderType_vertex":{
    "normal":[
        [0, 1, 0], [0, 1, 1], [1, 1, 1], [1, 1, 0],
        [0, 0, 1], [0, 0, 0], [1, 0, 0], [1, 0, 1]
    ],
    "flower":[
        [0, 1, 0], [0, 1, 1], [1, 1, 1], [1, 1, 0],
        [0, 0, 1], [0, 0, 0], [1, 0, 0], [1, 0, 1]
    ],
    "cactus": [
        [0, 1, 0], [0, 1, 1], [1, 1, 1], [1, 1, 0],
        [0, 0, 1], [0, 0, 0], [1, 0, 0], [1, 0, 1],
        [0, 1, 0.9375], [0, 0, 0.9375], [1, 0, 0.9375], [1, 1, 0.9375],
        [0.9375, 1, 1], [0.9375, 0, 1], [0.9375, 0, 0], [0.9375, 1, 0],
        [1, 1, 0.0625], [1, 0, 0.0625], [0, 0, 0.0625], [0, 1, 0.0625],
        [0.0625, 1, 0], [0.0625, 0, 0], [0.0625, 0, 1], [0.0625, 1, 1]
    ],
    "fluid": [
        [0, "y0", 0], [0, "y1", 1], [1, "y2", 1], [1, "y3", 0],
        [0, 0, 1], [0, 0, 0], [1, 0, 0], [1, 0, 1]
    ]
},
"blocks":{
    "air":{"id":0,"opacity":0},
    "stone":            {"id":1,"blastResistance":30,"texture":[[1,20]]},
    "granite":          {"id":1,"bd":1,"blastResistance":30,"texture":[[1,21]]},
    "polished_granite": {"id":1,"bd":2,"blastResistance":30,"texture":[[1,22]]},
    "diorite":          {"id":1,"bd":3,"blastResistance":30,"texture":[[1,23]]},
    "polished_diorite": {"id":1,"bd":4,"blastResistance":30,"texture":[[1,24]]},
    "andesite":         {"id":1,"bd":5,"blastResistance":30,"texture":[[1,25]]},
    "polished_andesite":{"id":1,"bd":6,"blastResistance":30,"texture":[[1,26]]},
    "grass":       {"id":2,"blastResistance":3,"texture":[[1,3],[2,12],[1,4]]},
    "dirt":        {"id":3,"blastResistance":2.5,"texture":[[2,12]]},
    "cobblestone": {"id":4,"blastResistance":30,"texture":[[1,27]]},
    "oak_wood_planks":      {"id":5,"blastResistance":15,"texture":[[2,15]]},
    "spruce_wood_planks":   {"id":5,"bd":1,"blastResistance":15,"texture":[[2,16]]},
    "birch_wood_planks":    {"id":5,"bd":2,"blastResistance":15,"texture":[[2,17]]},
    "jungle_wood_planks":   {"id":5,"bd":3,"blastResistance":15,"texture":[[2,18]]},
    "acacia_wood_planks":   {"id":5,"bd":4,"blastResistance":15,"texture":[[2,19]]},
    "dark_oak_wood_planks": {"id":5,"bd":5,"blastResistance":15,"texture":[[2,20]]},
    "oak_sapling":      {"id":6,"renderType":1,"opacity":0,"blastResistance":0,"texture":[[3,23]]},
    "spruce_sapling":   {"id":6,"bd":1,"renderType":1,"opacity":0,"blastResistance":0,"texture":[[3,24]]},
    "birch_sapling":    {"id":6,"bd":2,"renderType":1,"opacity":0,"blastResistance":0,"texture":[[3,25]]},
    "jungle_sapling":   {"id":6,"bd":3,"renderType":1,"opacity":0,"blastResistance":0,"texture":[[3,26]]},
    "acacia_sapling":   {"id":6,"bd":4,"renderType":1,"opacity":0,"blastResistance":0,"texture":[[3,27]]},
    "dark_oak_sapling": {"id":6,"bd":5,"renderType":1,"opacity":0,"blastResistance":0,"texture":[[3,28]]},
    "bedrock":      {"id":7,"blastResistance":18000000,"texture":[[2,1]]},
    "water":        {"id":8,"renderType":3,"opacity":1,"blastResistance":500,"stackable":null,"texture":[[12,1]]},
    "flowing_water":{"id":9,"renderType":3,"opacity":1,"blastResistance":500,"stackable":null,"texture":[[12,1]]},
    "lava":         {"id":10,"renderType":3,"opacity":14,"luminance":15,"maxLevel":4,"blastResistance":500,"stackable":null,"texture":[[12,3]]},
    "flowing_lava": {"id":11,"renderType":3,"opacity":14,"luminance":15,"maxLevel":4,"blastResistance":500,"stackable":null,"texture":[[12,3]]},
    "oak_log":    {"id":17,"texture":[[3,30],[3,29]]},
    "spruce_log": {"id":17,"bd":1,"texture":[[3,32],[3,31]]},
    "birch_log":  {"id":17,"bd":2,"texture":[[4,2],[4,1]]},
    "jungle_log": {"id":17,"bd":3,"texture":[[4,4],[4,3]]},
    "oak_leaves":    {"id":18,"opacity":1,"texture":[[5,23]]},
    "spruce_leaves": {"id":18,"bd":1,"opacity":1,"texture":[[5,24]]},
    "birch_leaves":  {"id":18,"bd":2,"opacity":1,"texture":[[5,25]]},
    "jungle_leaves": {"id":18,"bd":3,"opacity":1,"texture":[[5,26]]},
    "glass": {"id":20,"opacity":0,"texture":[[5,18]]},
    "acacia_leaves":   {"id":161,"opacity":1,"texture":[[6,1]]},
    "dark_oak_leaves": {"id":161,"bd":1,"opacity":1,"texture":[[6,2]]},
    "dandelion":   {"id":37,"renderType":1,"opacity":0,"texture":[[2, 29]]},
    "poppy":       {"id":38,"renderType":1,"opacity":0,"texture":[[2, 30]]},
    "blue_orchid": {"id":38,"bd":1,"renderType":1,"opacity":0,"texture":[[2, 31]]},
    "allium":      {"id":38,"bd":2,"renderType":1,"opacity":0,"texture":[[2, 32]]},
    "azure_bluet": {"id":38,"bd":3,"renderType":1,"opacity":0,"texture":[[3, 1]]},
    "red_tulip":   {"id":38,"bd":4,"renderType":1,"opacity":0,"texture":[[3, 2]]},
    "orange_tulip":{"id":38,"bd":5,"renderType":1,"opacity":0,"texture":[[3, 3]]},
    "white_tulip": {"id":38,"bd":6,"renderType":1,"opacity":0,"texture":[[3, 4]]},
    "pink_tulip":  {"id":38,"bd":7,"renderType":1,"opacity":0,"texture":[[3, 5]]},
    "oxeye_daisy": {"id":38,"bd":8,"renderType":1,"opacity":0,"texture":[[3, 6]]},
    "crafting_table": {"id":58,"texture":[[5,6],[2,15],[5,7],[5,8]]},
    "cactus": {"id":81,"renderType":9,"opacity":0,"texture":[[6,9],[6,11],[6,10]]},
    "glowstone": {"id":89,"luminance":15,"blastResistance":0.3,"texture":[[7,18]]},
    "s13": {"id":114514,"renderType":1,"blastResistance":30,"texture":[[7,19]]}
}
}
